Chemical_Name,Formula,RT,RI,RI Ref,CAS_Number,group,Similarity_to_Previous,Similarity_to_Next,MS_Peaks,File
Pyruvic acid,,7.998,1053.548,,000127-17-3,4,0.0,0.19284317526303374,"[(43, 999.0), (57, 180.8223), (77, 71.1692), (89, 792.1394), (117, 374.3103), (149, 83.8947)]",G25-AllBestHits.cef
4-Methyl-2-oxopentanoic acid,,8.609,1088.764,,004502-00-5,4,0.19284317526303374,0.9955635800371314,"[(41, 339.0955), (43, 202.2263), (57, 909.8229), (69, 75.081), (85, 999.0), (86, 55.9457), (144, 71.5517)]",G18-AllBestHits.cef
Undecane,,8.809,1100.302,,000098-92-0,5,0.6789560375172553,0.0025036576234673813,"[(41, 219.7925), (42, 72.3477), (43, 608.4763), (55, 117.9183), (56, 159.6471), (57, 999.0), (58, 44.4361), (69, 76.5952), (70, 155.9287), (71, 599.9173), (72, 34.6567), (84, 107.9682), (85, 356.9869), (98, 89.022), (99, 84.0389), (112, 47.5967), (113, 63.4347), (156, 91.7321)]",G8-AllBestHits.cef
Succinic acid,,9.78,1158.524,,000110-15-6,9,0.10500116413645277,0.17015995257112826,"[(41, 10.2543), (42, 12.8959), (43, 12.3985), (45, 25.3786), (55, 276.6392), (56, 25.6106), (57, 26.3736), (59, 220.5652), (60, 5.8421), (72, 3.7137), (86, 13.4102), (87, 156.953), (88, 8.9953), (99, 5.6379), (114, 281.9731), (115, 999.0), (116, 60.1702), (117, 8.0142)]",G25-AllBestHits.cef
Lactic acid,,9.92,1166.946,,010326-41-7,10,0.17015995257112826,0.17437137154303728,"[(41, 14.7813), (42, 5.64), (43, 97.8403), (44, 13.5876), (45, 41.4384), (46, 1.372), (47, 6.8812), (53, 1.8109), (54, 2.0116), (55, 53.5185), (56, 17.928), (57, 7.0742), (59, 999.0), (60, 34.0238), (61, 4.3261), (74, 33.1148), (75, 13.2431), (77, 1.3967), (85, 6.3111), (87, 45.1566), (88, 2.5003), (91, 4.4137), (102, 13.4215), (103, 811.7715), (104, 37.1652), (105, 5.6972), (113, 23.091), (119, 4.1932), (130, 67.1949), (131, 72.2025), (132, 4.1557), (162, 1.4292)]",G25-AllBestHits.cef
Unknown 127(100) 159(49.8) 59(48.8),,11.419,1260.072,,000111-02-6,11,0.17437137154303728,0.0,"[(41, 120.5228), (54, 57.1247), (55, 140.4063), (56, 185.9956), (59, 258.4796), (68, 92.0431), (99, 94.9093), (100, 116.3635), (127, 999.0), (128, 133.9087), (159, 494.3009)]",G25-AllBestHits.cef
Nicotinic acid,,11.684,1276.841,,000059-67-6,12,0.0,0.6744700701504409,"[(50, 80.7724), (51, 198.4314), (52, 29.3752), (77, 50.9213), (78, 649.2805), (105, 46.5053), (106, 999.0), (107, 41.161), (109, 34.8842), (136, 364.2904), (137, 723.8617), (138, 64.4657)]",G25-AllBestHits.cef
d4-Alanine,,11.799,1284.179,,053795-92-9,13,0.6744700701504409,2.006523787823067e-05,"[(45, 14.1498), (46, 17.9219), (47, 24.7584), (48, 6.35), (60, 6.942), (62, 142.52), (63, 20.306), (72, 1.9965), (74, 85.1419), (75, 3.3773), (106, 999.0), (107, 48.3586), (108, 5.8026), (134, 6.7939), (147, 3.1886), (165, 6.3758)]",G8-AllBestHits.cef
Alanine,,11.836,1286.526,,000056-41-7,15,0.0,0.14488882214883014,"[(41, 8.0163), (42, 54.7221), (43, 29.7159), (44, 10.7375), (55, 9.2511), (56, 34.1984), (57, 7.5244), (58, 120.6348), (59, 147.1878), (69, 4.2099), (70, 81.293), (71, 4.2411), (87, 3.5822), (88, 2.0154), (100, 1.5286), (102, 999.0), (103, 57.2263), (104, 6.919), (129, 1.5246), (130, 7.9897), (146, 8.4872), (161, 7.6046)]",G10-AllBestHits.cef
"Benzeneacetic acid, methyl ester(NIST)",,12.033,1298.995,,000011-01-0,17,0.0,0.0,"[(65, 102.9316), (91, 999.0), (92, 78.8706), (150, 474.6368)]",G21-AllBestHits.cef
Malic acid peak 1,,12.125,1305.107,,000097-67-6,18,0.0,0.16848791628042337,"[(43, 241.9035), (59, 63.3508), (61, 228.6473), (71, 560.3159), (72, 18.2019), (74, 48.7664), (102, 56.5616), (103, 999.0), (104, 29.8534), (113, 79.0503), (130, 44.5482), (131, 47.659)]",G25-AllBestHits.cef
beta-Alanine (Tentative),,12.194,1309.789,,000056-41-7,19,0.16848791628042337,0.024939263128964217,"[(42, 97.1327), (43, 62.6532), (56, 12.4852), (58, 164.4142), (59, 162.2642), (102, 999.0), (103, 130.2793), (104, 7.7168), (130, 19.7579), (161, 162.2963), (162, 12.2084)]",G14-AllBestHits.cef
Glycine,,12.196,1309.948,,000056-40-6,20,0.024939263128964217,0.002618674077025873,"[(42, 19.5396), (44, 146.3937), (56, 72.2318), (59, 149.103), (88, 999.0), (89, 42.427), (115, 34.8717), (116, 29.4379), (147, 73.8824), (432, 0.8012)]",G8-AllBestHits.cef
Unknown 114(100) 59(15.3) 82(14.4),,12.973,1362.338,,000051-00-2,21,0.002618674077025873,0.03882808075646538,"[(42, 41.9158), (54, 57.3578), (82, 135.1294), (114, 999.0), (115, 54.636)]",G36-AllBestHits.cef
Valine,,13.605,1405.29,,000072-18-4,22,0.03882808075646538,0.06936082425338497,"[(41, 21.6563), (42, 55.7692), (43, 27.0134), (45, 4.5179), (54, 6.0951), (55, 92.7136), (56, 28.3642), (57, 4.9672), (59, 100.3396), (60, 9.9655), (68, 3.5128), (69, 6.2012), (70, 40.8718), (71, 40.9872), (72, 4.4053), (74, 6.269), (76, 13.1779), (82, 5.6299), (83, 29.7245), (86, 12.5096), (87, 73.833), (88, 52.4562), (98, 236.3825), (99, 15.8073), (103, 33.4975), (110, 3.526), (114, 27.3971), (115, 207.1677), (116, 11.5674), (130, 999.0), (131, 70.8883), (132, 7.1189), (142, 6.0488), (146, 90.7747), (147, 9.6665), (297, 18.6111), (298, 4.323)]",G18-AllBestHits.cef
Unknown 086(100) 59(56.6) 128(39.3),,14.045,1436.736,,000111-01-4,23,0.06936082425338497,0.0,"[(42, 107.0195), (43, 79.4744), (58, 56.4161), (59, 417.2988), (86, 999.0), (88, 445.0999), (96, 86.2151), (113, 181.1769), (115, 64.5114), (127, 424.3316), (128, 520.5869), (131, 76.2794), (155, 133.5849), (156, 131.0881), (159, 134.635), (301, 172.7988), (302, 24.3274), (303, 45.5587)]",GQC4-AllBestHits.cef
Unknown 073(100) 281(83.3) 147(59.4),,14.633,1478.703,,000111-00-8,24,0.0,0.005655214678403131,"[(73, 603.7306), (147, 536.73), (221, 114.8473), (281, 999.0), (282, 285.148), (283, 171.2479), (284, 35.978), (327, 362.0576), (328, 124.4596), (329, 84.1099), (341, 214.4873), (399, 113.7244), (400, 41.6832), (401, 31.4437), (415, 274.0019), (416, 127.2644), (417, 76.8871), (487, 9.587), (503, 204.9117), (504, 110.6048), (505, 68.4175), (506, 29.3506), (507, 13.6902)]",G5-AllBestHits.cef
Leucine,,14.865,1495.309,,000061-90-5,24,0.005655214678403131,0.9134436061027215,"[(41, 49.0232), (42, 49.3529), (43, 83.0343), (44, 26.2491), (55, 22.5018), (56, 21.0961), (57, 10.5453), (58, 63.3904), (59, 93.2483), (60, 8.2668), (68, 8.6605), (69, 48.3852), (70, 37.5509), (76, 28.3296), (83, 22.6198), (84, 8.7652), (88, 675.9541), (89, 24.3569), (96, 9.5574), (101, 30.6337), (102, 176.6088), (103, 28.4927), (112, 55.1771), (113, 19.7611), (114, 11.3732), (115, 106.2332), (128, 48.329), (129, 5.3653), (144, 999.0), (145, 81.3935), (146, 67.8995), (147, 19.2197), (171, 7.718), (359, 1.7617)]",G36-AllBestHits.cef
Isoleucine,,14.934,1500.229,,000111-04-0,24,0.9134436061027215,0.03937293435751754,"[(41, 61.6783), (42, 56.0793), (44, 22.8098), (54, 7.3256), (55, 17.7037), (56, 24.7667), (57, 41.9689), (59, 106.7834), (60, 10.6062), (68, 20.3072), (69, 124.9608), (70, 51.9341), (71, 17.0555), (76, 65.2448), (83, 40.4546), (87, 58.8984), (88, 470.6055), (89, 19.1606), (100, 9.515), (102, 34.9619), (103, 51.5331), (110, 5.9841), (112, 50.0988), (113, 7.9528), (115, 529.3082), (116, 34.9333), (128, 21.1484), (142, 11.4595), (144, 999.0), (145, 78.1378), (146, 95.3146), (147, 32.2361)]",G18-AllBestHits.cef
Unknown 160(100) 59(43.4) 116(22.7),,15.494,1542.766,,000111-03-0,25,0.03937293435751754,0.023162916312209014,"[(42, 87.2098), (56, 76.6449), (58, 42.0141), (59, 316.8976), (70, 122.3843), (72, 90.8897), (116, 194.1584), (160, 999.0), (161, 98.03)]",G25-AllBestHits.cef
Proline,,15.875,1571.707,,000147-85-3,25,0.023162916312209014,0.9989015690509148,"[(41, 33.9667), (42, 101.1573), (43, 10.4111), (44, 4.1846), (45, 3.4736), (53, 2.2808), (54, 3.3167), (55, 13.1333), (56, 6.0029), (59, 49.3543), (65, 1.1523), (67, 8.1348), (68, 17.9675), (69, 17.1866), (70, 5.3313), (82, 89.537), (83, 7.1635), (84, 38.9119), (85, 12.1117), (109, 8.6168), (112, 2.1522), (113, 0.9606), (126, 5.6054), (128, 999.0), (129, 72.9863), (130, 6.5087), (151, 8.9198), (156, 2.54), (187, 35.2172), (188, 3.4505)]",G25-AllBestHits.cef
Malic acid peak 2,C4H6O5,15.932,1576.004,,006915-15-7,26,0.015897599732221934,0.025755848765308675,"[(43, 183.1277), (44, 45.2768), (45, 55.292), (47, 140.8388), (55, 217.7137), (57, 294.4282), (58, 79.3314), (59, 786.5905), (60, 16.9742), (71, 42.9954), (72, 19.7351), (74, 125.9185), (75, 999.0), (85, 352.2205), (88, 33.0838), (89, 32.3477), (99, 77.2982), (101, 336.6201), (113, 685.0051), (114, 66.2779), (116, 39.7537), (117, 932.7692), (118, 54.4589), (145, 153.2395), (161, 73.2332), (188, 151.7032), (189, 54.0184)]",G25-AllBestHits.cef
Glutathione,,16.418,1613.221,,000070-18-8,27,0.025755848765308675,0.007282420844145765,"[(42, 26.3686), (45, 10.1331), (53, 4.3972), (55, 40.9347), (59, 49.5918), (67, 7.3574), (70, 72.8674), (82, 42.0066), (84, 9.2242), (110, 16.7501), (141, 0.5919), (142, 999.0), (143, 82.063), (144, 9.2155), (201, 12.428)]",G22-AllBestHits.cef
Threonine,,16.432,1614.29,,000072-19-5,28,0.007282420844145765,0.5891558142136372,"[(41, 7.5486), (42, 34.2441), (43, 23.6499), (44, 25.1721), (45, 41.5238), (56, 119.5129), (57, 23.5994), (59, 115.0588), (60, 25.3219), (70, 9.0706), (71, 14.6793), (72, 9.1406), (83, 70.6152), (84, 18.2599), (87, 119.2408), (88, 93.8406), (89, 5.199), (99, 5.156), (100, 263.3239), (112, 4.5965), (115, 999.0), (116, 67.9855), (132, 83.4441), (144, 15.0037), (147, 210.6532), (148, 11.8789)]",G25-AllBestHits.cef
Unknown 115(100) 118(95.4) 86(69.3),,16.573,1625.303,,000011-00-8,29,0.5891558142136372,0.24279399422471803,"[(42, 274.4502), (59, 401.7655), (86, 899.3488), (100, 270.1891), (115, 945.9692), (116, 68.9812), (118, 999.0), (146, 306.7243), (147, 388.8317)]",G25-AllBestHits.cef
Aspartic acid,,17.167,1671.531,,000056-84-8,30,0.24279399422471803,0.013215806853039025,"[(41, 10.9251), (42, 92.6664), (43, 32.7626), (44, 6.7399), (45, 6.4155), (47, 8.0067), (53, 1.6672), (54, 2.4193), (55, 23.5059), (56, 23.5357), (57, 32.9421), (58, 13.0656), (59, 149.6529), (60, 5.263), (61, 0.8675), (68, 6.2999), (69, 9.4233), (70, 13.9351), (71, 1.4854), (72, 1.8377), (73, 0.6978), (74, 28.9933), (75, 43.5337), (76, 3.1547), (81, 0.6187), (82, 1.7789), (84, 19.8379), (85, 25.3774), (86, 202.56), (87, 10.197), (88, 19.1829), (89, 13.4064), (90, 0.6795), (91, 1.4318), (96, 92.5653), (97, 4.6832), (98, 0.8709), (99, 3.6151), (100, 16.8892), (101, 32.53), (102, 5.7572), (103, 11.5986), (104, 0.6035), (113, 63.6636), (114, 9.752), (115, 6.6679), (116, 10.8306), (117, 39.7103), (118, 222.2036), (119, 11.1481), (120, 1.5951), (126, 0.0367), (127, 57.4837), (128, 437.8804), (129, 29.5323), (130, 3.5689), (146, 26.5866), (147, 1.4612), (154, 0.7906), (155, 13.6537), (156, 32.737), (157, 2.5339), (159, 68.8075), (160, 999.0), (161, 78.2698), (162, 11.0008), (163, 0.9918), (187, 13.4229), (188, 5.9973), (219, 1.8843), (220, 0.9166)]",G34-AllBestHits.cef
Citric acid,,17.207,1674.664,,000077-92-9,31,0.013215806853039025,0.004098456512956816,"[(101, 541.898), (111, 31.94), (143, 999.0), (144, 67.47), (153, 52.4511), (175, 121.9256)]",G6-AllBestHits.cef
"2,4-Di-tert-butylphenol (derivatization artefact)",,17.286,1680.797,,000096-76-4,32,0.004098456512956816,0.0,"[(57, 128.0132), (74, 40.5926), (107, 22.6491), (163, 56.459), (175, 39.8975), (191, 999.0), (192, 139.9243), (206, 174.7253)]",G10-AllBestHits.cef
Pyroglutamic acid,,17.293,1681.316,,000098-79-3,33,0.0,0.005399374808016777,"[(41, 77.7923), (56, 37.0712), (84, 999.0), (141, 4.9767), (143, 50.5187)]",G25-AllBestHits.cef
Unknown RT 17.50,,17.503,1697.678,,000056-41-7,34,0.005399374808016777,0.21951501101585258,"[(41, 28.4653), (42, 57.9683), (43, 65.8529), (44, 75.7663), (45, 20.2519), (48, 10.3579), (56, 102.5735), (57, 24.3192), (58, 122.309), (59, 258.801), (60, 12.9597), (63, 15.3337), (64, 3.1831), (65, 14.7913), (70, 136.6504), (71, 13.4319), (75, 16.8046), (76, 19.3664), (77, 12.5328), (79, 237.9182), (80, 30.1783), (88, 206.8002), (89, 14.6729), (101, 26.1335), (102, 999.0), (103, 55.1104), (118, 33.1543), (150, 22.9741)]",G5-AllBestHits.cef
Unknown RT 18.07,,18.069,1734.506,,000056-40-6,35,0.21951501101585258,0.047741219820648384,"[(44, 120.2721), (56, 73.686), (59, 115.1197), (88, 999.0), (89, 44.0774), (115, 115.4423), (116, 194.5029)]",G25-AllBestHits.cef
"Tridecanoic acid, 12-methyl- (NIST)",,18.365,1753.635,,000021-00-6,35,0.047741219820648384,0.9245674742617811,"[(41, 108.9786), (42, 24.6685), (43, 181.7761), (55, 157.5935), (56, 36.8131), (57, 107.4595), (59, 51.5582), (69, 122.2632), (74, 999.0), (75, 154.4395), (83, 85.8115), (87, 733.0354), (88, 61.7048), (97, 92.7088), (111, 46.2173), (143, 274.9489), (157, 73.5832), (185, 60.6825), (199, 470.3811), (200, 62.6679), (211, 44.8261), (213, 43.8606), (242, 59.5588)]",G11-AllBestHits.cef
Myristic acid (C14_0),,18.997,1794.346,,000544-63-8,35,0.9618918528007212,0.9902592334796222,"[(41, 99.8737), (42, 22.7293), (43, 154.0123), (44, 5.5997), (45, 5.9666), (53, 7.36), (54, 9.2822), (55, 146.5608), (56, 27.5757), (57, 87.2548), (58, 5.9122), (59, 58.0633), (60, 2.3583), (67, 19.4476), (68, 9.6087), (69, 99.0375), (70, 18.758), (71, 38.2351), (74, 999.0), (75, 160.2658), (81, 18.9288), (82, 9.0479), (83, 66.1693), (84, 33.6704), (85, 23.2447), (87, 716.3663), (88, 64.2915), (89, 5.3595), (93, 6.1598), (94, 1.8948), (95, 18.7518), (96, 8.1015), (97, 60.1747), (98, 31.7569), (99, 6.6525), (101, 79.2806), (102, 7.8709), (107, 4.5459), (109, 10.6937), (110, 4.7446), (111, 25.1122), (113, 3.9582), (115, 29.2471), (116, 11.1778), (121, 4.9793), (123, 5.9516), (124, 3.193), (125, 11.8868), (129, 92.9044), (130, 19.1368), (135, 4.6162), (139, 5.657), (143, 312.5752), (144, 31.6636), (145, 2.8132), (149, 3.1507), (153, 3.4755), (157, 74.4231), (158, 8.8716), (168, 5.6157), (171, 27.8148), (172, 4.7179), (185, 74.4348), (186, 11.1066), (199, 253.3636), (200, 35.1569), (201, 3.218), (211, 114.5373), (212, 18.521), (213, 52.6855), (214, 8.3503), (242, 105.5167), (243, 18.2246), (244, 1.8627)]",G13-AllBestHits.cef
Glutamic acid,,19.352,1812.765,,000056-86-0,36,0.02506819102165847,0.24204412137955977,"[(41, 70.0307), (42, 85.0989), (43, 22.0265), (44, 12.8986), (45, 14.6051), (53, 2.9045), (54, 23.3228), (55, 44.3168), (56, 43.0719), (57, 15.1237), (59, 145.6302), (60, 7.3125), (66, 5.248), (68, 22.5622), (69, 12.7147), (70, 68.2339), (71, 34.7844), (72, 3.9994), (74, 14.9603), (75, 8.5244), (82, 194.8291), (83, 34.7325), (84, 30.7467), (88, 11.7728), (95, 3.6999), (96, 4.3783), (98, 151.7848), (99, 26.6256), (100, 42.5929), (101, 17.5981), (103, 23.3737), (109, 3.7177), (110, 160.6964), (111, 10.7669), (113, 15.6454), (114, 834.9385), (115, 75.3589), (116, 6.2315), (126, 6.497), (127, 23.3755), (128, 22.4088), (130, 3.6489), (141, 63.0746), (142, 999.0), (143, 74.8151), (144, 8.6529), (146, 47.5662), (147, 4.0559), (158, 11.7895), (159, 20.4577), (160, 8.8937), (169, 122.08), (170, 45.5739), (171, 4.2536), (174, 987.4699), (175, 82.1811), (176, 11.0517), (201, 89.1179), (202, 73.1647), (203, 7.4022)]",GQC6-AllBestHits.cef
Methionine,,19.493,1819.501,,000063-68-3,37,0.24204412137955977,0.04624371611939193,"[(42, 128.7311), (54, 58.0344), (59, 274.9239), (61, 788.1803), (62, 45.1222), (63, 43.5362), (75, 152.9881), (88, 111.6255), (99, 53.2019), (100, 136.5281), (114, 709.4097), (115, 999.0), (116, 60.8849), (128, 383.2378), (138, 92.1626), (141, 237.1026), (143, 239.5041), (147, 935.4019), (148, 64.8844), (160, 238.5364), (162, 226.5687), (189, 129.5124), (221, 212.7317)]",G36-AllBestHits.cef
Pentadecanoic acid (C15_0),,20.213,1853.896,,001002-84-2,37,0.982425394553556,0.02810125772698957,"[(41, 131.9668), (43, 217.0025), (55, 206.8509), (57, 120.8664), (59, 158.5569), (68, 47.8317), (69, 185.936), (74, 999.0), (75, 169.7499), (82, 130.6665), (87, 740.5757), (95, 89.4232), (97, 136.3373), (101, 97.8192), (110, 74.0292), (129, 114.8669), (143, 286.3986), (157, 111.8645), (171, 67.9909), (185, 76.6925), (199, 100.7258), (213, 255.7522), (225, 40.2806), (227, 42.3284), (256, 114.6872)]",G17-AllBestHits.cef
Glutathione peak 2,,20.304,1858.258,,000070-18-8,38,0.02810125772698957,0.025196060557327926,"[(41, 95.7728), (42, 68.0518), (59, 67.2312), (68, 29.4446), (70, 68.7029), (98, 230.048), (99, 14.2466), (142, 999.0), (143, 58.8886), (201, 23.722)]",G25-AllBestHits.cef
Unknown 074(100) 87(69.0) 43(32.9) peak 3,,20.426,1864.079,,000021-00-6,38,0.025196060557327926,0.9173063111108055,"[(41, 187.0703), (43, 179.8206), (55, 229.1892), (57, 209.3035), (69, 193.0718), (74, 999.0), (75, 183.8408), (87, 767.3782), (97, 182.8307), (143, 364.4868), (199, 510.6748), (200, 80.2646), (227, 93.3805)]",G17-AllBestHits.cef
Pentadecanoic acid (C15_0) peak 2,,21.084,1895.506,,001002-84-2,38,0.9173063111108055,0.004357970268404343,"[(41, 96.1178), (42, 21.1505), (43, 160.4571), (55, 145.1979), (56, 27.3224), (57, 94.8588), (59, 53.4318), (67, 19.5878), (68, 8.3606), (69, 101.4219), (70, 17.4372), (71, 41.4198), (73, 20.9991), (74, 999.0), (75, 174.1274), (83, 72.1295), (84, 32.4862), (87, 723.9193), (88, 63.3283), (97, 63.4832), (98, 33.2434), (99, 7.3401), (109, 10.6844), (111, 25.6033), (112, 8.7961), (115, 34.3945), (116, 11.6684), (125, 12.9034), (129, 93.0284), (130, 17.8401), (143, 260.6766), (144, 28.7373), (157, 96.9672), (158, 11.6909), (171, 62.3253), (185, 60.239), (186, 9.3643), (199, 96.7842), (200, 14.3972), (213, 205.0531), (214, 30.6426), (225, 104.491), (226, 17.1894), (227, 50.5409), (228, 8.1233), (256, 124.8833), (257, 21.8934)]",G25-AllBestHits.cef
Phenylalanine,,21.852,1936.15,,000063-91-2,39,0.004357970268404343,0.14536783398067454,"[(42, 92.2427), (51, 18.8374), (59, 92.2718), (63, 11.6242), (65, 69.9162), (70, 16.2937), (77, 36.4193), (78, 13.0481), (89, 25.1015), (90, 19.0059), (91, 570.3394), (92, 72.9609), (103, 113.4652), (104, 18.2884), (105, 17.0617), (116, 9.7587), (117, 44.7955), (118, 45.7848), (119, 57.6323), (121, 11.0477), (128, 76.1255), (131, 180.292), (132, 22.8093), (144, 15.0406), (146, 455.0167), (147, 39.6346), (161, 156.0877), (162, 999.0), (163, 115.9863), (164, 9.827), (178, 223.6463), (179, 25.5481)]",G25-AllBestHits.cef
Cysteine,,22.002,1944.169,,000052-90-4,40,0.14536783398067454,0.09650223358166443,"[(42, 161.7332), (59, 445.1781), (61, 70.6589), (89, 37.0516), (100, 146.2115), (103, 138.1762), (116, 233.087), (117, 358.0523), (132, 442.9549), (146, 482.7729), (160, 374.6017), (176, 904.5291), (192, 999.0), (193, 68.1692)]",G25-AllBestHits.cef
"Pentadecanoic acid, 14-methyl- (NIST)",C11H22O2,22.534,1972.686,,000110-42-9,42,0.0,0.4469819472772738,"[(43, 215.0432), (55, 174.3122), (69, 144.6619), (74, 999.0), (75, 187.063), (87, 746.392), (143, 282.2565)]",G22-AllBestHits.cef
Palmitelaidic acid (C16_1n-9c),,22.89,1988.494,,010030-73-6,42,0.4469819472772738,0.9974506412081705,"[(41, 474.7881), (42, 82.9107), (43, 398.8848), (53, 78.9863), (54, 237.3743), (55, 999.0), (56, 217.8397), (57, 293.5705), (59, 234.7651), (65, 32.8327), (66, 31.5163), (67, 511.9907), (68, 335.8093), (69, 727.4305), (70, 193.8307), (71, 154.9794), (72, 27.4036), (74, 989.8467), (75, 130.5597), (77, 37.2791), (78, 24.5387), (79, 189.8066), (80, 135.8259), (81, 497.5569), (82, 386.3671), (83, 758.5768), (84, 846.6034), (85, 183.7457), (87, 702.8105), (88, 67.0298), (91, 71.683), (92, 23.3908), (93, 123.7558), (94, 139.7296), (95, 536.8567), (96, 865.4259), (97, 804.9106), (98, 783.0796), (99, 101.1054), (101, 149.7115), (105, 33.1934), (107, 63.7229), (108, 79.4856), (109, 295.587), (110, 477.2818), (111, 393.9997), (112, 171.2142), (113, 107.8222), (114, 115.7353), (115, 167.0816), (119, 89.173), (120, 32.1449), (121, 92.8823), (122, 51.9264), (123, 418.87), (124, 256.493), (125, 211.47), (126, 45.9483), (127, 102.5043), (128, 110.2092), (133, 80.064), (134, 73.7676), (135, 94.1995), (136, 52.0354), (137, 277.4429), (138, 260.2483), (139, 140.0416), (141, 244.6028), (142, 38.1266), (143, 68.9252), (147, 50.367), (148, 61.0018), (151, 163.8788), (152, 463.5654), (153, 114.2865), (154, 17.1376), (155, 62.265), (161, 38.8002), (165, 94.7306), (166, 91.8902), (167, 27.35), (171, 31.4014), (172, 18.856), (179, 58.3814), (185, 26.6863), (186, 22.1248), (192, 149.0586), (193, 114.1059), (194, 501.7056), (195, 104.3349), (208, 45.4329), (218, 58.9376), (219, 39.7537), (225, 31.2403), (236, 570.6045), (237, 355.929), (238, 58.21), (268, 101.4342)]",G18-AllBestHits.cef
Palmitoleic acid (C16_1n-7c),,22.829,1988.521,,000373-49-9,42,0.9974506412081705,0.5050920012534486,"[(41, 484.1752), (42, 84.5286), (43, 414.7028), (53, 80.8902), (54, 243.8913), (55, 985.8641), (56, 214.3825), (57, 298.1351), (59, 243.6253), (65, 33.5246), (66, 32.5208), (67, 519.7434), (68, 338.7006), (69, 729.1421), (70, 201.7982), (71, 148.4561), (72, 30.1175), (74, 999.0), (75, 129.5797), (77, 45.1758), (79, 206.0068), (80, 146.0482), (81, 508.4792), (82, 394.5813), (83, 754.5478), (84, 846.1381), (85, 183.994), (87, 726.964), (88, 68.3359), (91, 73.4163), (92, 23.0149), (93, 119.8764), (94, 138.1374), (95, 554.732), (96, 855.5735), (97, 811.2362), (98, 785.8048), (99, 100.2992), (100, 26.7942), (105, 29.7048), (107, 67.8601), (108, 80.9333), (109, 312.3168), (110, 488.4403), (111, 403.041), (112, 169.1639), (113, 117.02), (114, 119.0638), (115, 167.6891), (119, 95.0382), (120, 31.9485), (121, 96.7041), (122, 51.9342), (123, 426.8173), (124, 253.1171), (125, 215.3607), (127, 106.6925), (128, 108.262), (129, 91.2143), (130, 21.6614), (133, 83.7019), (134, 83.254), (135, 101.2632), (136, 56.8922), (137, 289.401), (138, 273.0261), (139, 148.2991), (141, 245.1449), (142, 39.1362), (143, 77.7156), (147, 53.725), (148, 62.9721), (149, 54.486), (150, 28.9756), (151, 161.0523), (152, 488.9094), (153, 114.3372), (154, 17.1025), (155, 70.0019), (157, 21.7125), (165, 103.2974), (166, 102.8755), (167, 30.7232), (171, 30.6877), (172, 20.5415), (175, 29.3395), (179, 61.5062), (181, 19.9068), (185, 34.1027), (186, 20.2125), (192, 158.1457), (193, 118.2792), (194, 524.1337), (195, 102.6751), (200, 11.0423), (207, 82.194), (208, 48.2051), (218, 59.6683), (219, 48.2827), (225, 30.9561), (236, 605.0439), (237, 375.1956), (238, 59.0456), (268, 107.3366)]",G13-AllBestHits.cef
Palmitic acid (C16_0),,23.023,1998.935,,000057-10-3,42,0.9983138904356669,0.18120988970510588,"[(40, 0.5041), (41, 107.4675), (42, 26.6395), (43, 178.9766), (45, 5.6388), (53, 8.3112), (54, 10.6659), (55, 172.4404), (56, 36.743), (57, 111.3), (58, 8.0204), (59, 62.536), (60, 2.9126), (61, 0.9478), (65, 1.5975), (66, 1.8474), (67, 24.6914), (68, 13.8571), (69, 117.4709), (70, 23.1663), (71, 55.6596), (72, 4.6109), (74, 999.0), (75, 228.2988), (76, 14.9711), (77, 3.4861), (79, 9.6329), (80, 3.4309), (81, 25.972), (82, 13.6462), (83, 97.8268), (84, 46.8508), (85, 39.0282), (87, 759.8445), (88, 85.121), (89, 7.5167), (91, 1.3239), (93, 10.3691), (94, 2.7538), (95, 26.4736), (96, 13.511), (97, 83.2004), (98, 42.2773), (99, 9.1586), (100, 2.7044), (101, 84.5921), (102, 10.9429), (103, 0.3882), (107, 7.1342), (108, 2.9869), (109, 14.516), (110, 8.3644), (111, 32.5975), (112, 10.733), (113, 6.2058), (114, 1.7945), (115, 44.5851), (116, 17.0354), (117, 1.6984), (121, 7.6963), (122, 2.7309), (123, 7.499), (124, 3.6063), (125, 21.9916), (126, 5.9766), (127, 2.9436), (129, 115.446), (130, 29.5106), (131, 2.1319), (135, 7.101), (137, 5.5002), (138, 3.2056), (139, 9.7963), (140, 1.5962), (141, 2.0638), (143, 294.9749), (144, 41.5298), (145, 3.1063), (149, 6.4214), (151, 3.0414), (152, 3.4743), (153, 5.1439), (154, 1.9578), (157, 49.5452), (158, 7.2999), (159, 2.567), (163, 3.1918), (165, 1.9644), (166, 2.1747), (167, 3.5207), (168, 1.7322), (171, 96.5242), (172, 17.0913), (173, 1.1549), (177, 1.3151), (181, 1.7868), (182, 0.4973), (185, 101.537), (186, 19.0473), (187, 2.9449), (191, 2.48), (194, 6.4308), (195, 1.3419), (196, 4.2862), (197, 1.2235), (199, 92.385), (200, 18.5429), (201, 1.0167), (205, 0.6872), (209, 0.898), (213, 34.5545), (214, 9.6117), (219, 1.5333), (220, 0.8316), (221, 0.9151), (227, 183.193), (228, 39.7305), (229, 4.0087), (230, 0.6839), (237, 3.7515), (239, 83.6309), (240, 19.4314), (241, 53.5765), (242, 12.5211), (243, 1.9749), (270, 132.4443), (271, 35.0236), (272, 5.3655)]",GQC1-AllBestHits.cef
"1-Pentadecanal
(NIST)",,23.229,2016.36,,000011-01-4,43,0.18120988970510588,0.18627395320710183,"[(41, 378.3274), (43, 469.5224), (44, 149.4475), (54, 89.0332), (55, 499.0612), (56, 238.2472), (57, 748.6567), (66, 75.666), (67, 389.0216), (68, 480.4489), (69, 492.5295), (70, 263.3696), (71, 399.0821), (81, 442.2798), (82, 999.0), (83, 502.7696), (95, 438.0147), (96, 708.2064), (97, 417.2515), (109, 239.738), (110, 267.8231), (111, 217.5269), (123, 166.7778), (124, 178.8541)]",G18-AllBestHits.cef
"Hexadecanoic acid, 15-methyl- (NIST)",,23.717,2059.248,,000506-12-7,43,0.18627395320710183,0.9407768573943623,"[(41, 103.0198), (42, 26.3867), (43, 210.6588), (55, 173.678), (56, 51.2308), (57, 151.3031), (59, 53.0293), (67, 28.3172), (69, 139.5896), (71, 65.1548), (73, 21.2075), (74, 999.0), (75, 206.755), (83, 112.2547), (87, 761.2148), (88, 70.2048), (97, 119.889), (98, 39.6761), (109, 26.6893), (111, 54.4954), (116, 32.0878), (125, 30.2098), (143, 306.0466), (144, 29.1093), (157, 44.4091), (171, 33.1038), (172, 11.8499), (185, 150.4488), (199, 149.2232), (200, 24.3018), (213, 22.9445), (227, 39.5572), (241, 322.4797), (242, 55.6975), (243, 7.4224), (253, 23.6985), (255, 44.3146), (284, 159.9791), (285, 31.4109)]",G25-AllBestHits.cef
Margaric acid (C17_0),,24.173,2099.294,,000506-12-7,43,0.9445530754740961,0.17067684989571585,"[(41, 95.8479), (42, 21.4643), (43, 172.1151), (44, 7.0722), (53, 6.6316), (54, 9.7849), (55, 157.0571), (56, 31.9628), (57, 115.7886), (59, 53.0376), (67, 22.6726), (68, 11.9834), (69, 112.6247), (70, 21.6881), (71, 57.7868), (74, 999.0), (75, 211.8856), (79, 7.3348), (81, 24.0787), (82, 11.6795), (83, 85.3694), (84, 37.4638), (85, 33.5627), (87, 750.3413), (88, 65.2154), (89, 5.2012), (93, 7.1511), (95, 21.1674), (96, 10.7517), (97, 78.8963), (98, 37.5765), (99, 10.0063), (101, 78.6321), (107, 7.1397), (109, 14.2372), (110, 5.9274), (111, 32.4427), (113, 5.5669), (115, 31.6489), (116, 14.7008), (121, 8.5058), (123, 7.5719), (125, 16.5071), (129, 114.8721), (130, 32.1797), (139, 9.2886), (143, 308.9613), (144, 31.9528), (157, 41.6358), (171, 33.3216), (172, 11.5768), (185, 147.6871), (186, 23.4702), (199, 141.3685), (200, 20.2511), (213, 28.3387), (227, 41.4792), (228, 8.2764), (241, 240.583), (242, 41.4105), (243, 4.5077), (246, 6.9921), (253, 94.5666), (254, 18.4384), (255, 64.1143), (256, 11.1969), (284, 193.6101), (285, 39.619), (286, 4.4993)]",G18-AllBestHits.cef
Unknown RT 24.45,,24.446,2120.144,,000011-01-4,44,0.17067684989571585,0.7062247861813501,"[(41, 322.9635), (42, 65.0565), (43, 505.2491), (44, 129.5289), (45, 59.1944), (54, 87.101), (55, 484.9925), (56, 186.1928), (57, 732.8814), (66, 79.0751), (67, 375.8402), (68, 463.2461), (69, 413.8819), (70, 208.4227), (71, 402.183), (72, 70.0284), (81, 448.1976), (82, 999.0), (83, 689.9966), (84, 149.0943), (85, 239.1422), (95, 433.2508), (96, 814.6817), (97, 491.208), (98, 106.2354), (99, 74.4509), (109, 238.5504), (110, 259.6276), (111, 219.9493), (112, 60.0818), (123, 165.5598), (124, 198.6673), (137, 119.4117), (138, 164.4905), (152, 68.7139), (194, 52.2594), (224, 47.6562)]",G25-AllBestHits.cef
Elaidic acid,,25.288,2184.031,,000693-72-1,44,0.7062247861813501,0.9815003355813859,"[(41, 444.8526), (42, 79.4694), (43, 382.7534), (45, 19.7018), (53, 60.6979), (54, 215.0417), (55, 999.0), (56, 242.0888), (57, 311.1877), (58, 16.7111), (59, 180.8188), (65, 24.1679), (66, 23.3425), (67, 432.0554), (68, 306.2435), (69, 880.7131), (70, 231.3956), (71, 152.6103), (72, 18.4494), (73, 67.1662), (74, 816.1597), (75, 117.5633), (77, 26.0667), (79, 130.5646), (80, 83.7411), (81, 502.1792), (82, 372.2575), (83, 837.908), (84, 727.3684), (85, 165.2243), (87, 667.4084), (88, 60.707), (91, 49.7389), (92, 15.6348), (93, 90.1512), (94, 104.7114), (95, 419.0701), (96, 767.4892), (97, 864.41), (98, 720.7144), (99, 101.5061), (100, 20.3018), (101, 144.9166), (102, 15.0808), (105, 33.1518), (106, 14.293), (107, 73.7305), (108, 80.2387), (109, 282.3077), (110, 459.5453), (111, 469.1388), (112, 184.9489), (113, 77.0846), (114, 93.926), (115, 147.3982), (116, 24.1947), (119, 83.6199), (120, 28.1313), (121, 115.3574), (122, 53.6325), (123, 359.3301), (124, 265.7651), (125, 262.3472), (126, 59.0482), (127, 77.2906), (128, 104.7809), (129, 98.2146), (130, 27.2621), (133, 83.2656), (134, 88.9342), (135, 118.3068), (136, 39.851), (137, 239.5792), (138, 214.1711), (139, 158.5511), (140, 31.8563), (141, 176.123), (142, 32.7131), (143, 97.5855), (144, 15.3485), (147, 67.4063), (148, 75.1282), (149, 79.3232), (150, 34.3399), (151, 169.6066), (152, 203.1308), (153, 100.9623), (154, 16.6661), (155, 44.5051), (156, 9.6728), (157, 34.2171), (161, 44.6625), (162, 22.9308), (163, 41.0844), (164, 33.6932), (165, 107.8778), (166, 166.1933), (167, 65.9728), (169, 69.2641), (171, 23.7972), (175, 34.9574), (179, 67.3583), (180, 311.5641), (181, 69.4168), (182, 13.2745), (183, 49.1723), (185, 18.2615), (189, 19.632), (191, 14.4641), (193, 55.1619), (194, 52.6116), (195, 19.477), (197, 10.7241), (199, 31.3667), (200, 18.2172), (207, 59.0596), (208, 42.4743), (209, 20.0429), (213, 27.4162), (214, 16.8432), (220, 124.9006), (221, 126.6158), (222, 406.7345), (223, 92.1908), (224, 9.874), (235, 81.4364), (236, 49.7906), (246, 51.4067), (247, 29.3057), (253, 30.9169), (263, 2.7903), (264, 692.1124), (265, 479.1063), (266, 81.0355), (267, 13.087), (296, 106.0138), (297, 24.1434)]",G10-AllBestHits.cef
Oleic acid (C18_1n-9c),,25.38,2184.368,,000112-62-9,44,0.9815003355813859,0.9879787484296432,"[(41, 469.1246), (42, 74.118), (43, 391.8942), (54, 193.6738), (55, 999.0), (56, 239.2742), (57, 327.0255), (59, 197.8917), (67, 400.481), (69, 908.8035), (70, 224.6803), (71, 148.9015), (74, 795.0788), (75, 121.0225), (81, 472.9926), (82, 376.5813), (83, 825.7384), (84, 725.4411), (87, 624.0211), (93, 75.823), (94, 103.0394), (95, 418.2903), (96, 772.6561), (97, 843.9055), (98, 681.0955), (99, 85.5466), (107, 70.0361), (108, 78.8194), (109, 271.1484), (110, 446.2496), (111, 473.5827), (112, 178.5065), (113, 62.3787), (114, 86.8564), (119, 82.5455), (121, 99.9446), (123, 347.0099), (124, 248.0058), (125, 253.6448), (128, 99.6946), (129, 83.3849), (134, 82.7641), (137, 240.0867), (138, 210.687), (139, 146.9921), (141, 175.3479), (151, 153.1448), (152, 186.7598), (153, 89.5698), (166, 167.3171), (167, 55.7066), (180, 303.5282), (220, 109.4248), (221, 118.5818), (222, 378.2154), (223, 79.5963), (264, 636.2976), (265, 418.1782), (296, 97.7041)]",GQC2-AllBestHits.cef
Stearic acid (C18_0),,25.52,2372.115,,000057-11-4,45,0.48640730654559894,0.0963984301918962,"[(41, 96.3294), (42, 21.1834), (43, 181.9132), (44, 6.3136), (45, 5.1896), (53, 6.2619), (54, 10.589), (55, 163.3635), (56, 32.9197), (57, 128.9529), (58, 8.5697), (59, 48.5772), (60, 2.5175), (61, 1.525), (67, 25.3654), (68, 13.5144), (69, 122.4267), (70, 24.323), (71, 64.6548), (72, 4.716), (73, 4.7387), (74, 999.0), (75, 234.4507), (79, 8.1169), (81, 27.2623), (82, 13.31), (83, 96.4998), (84, 40.9471), (85, 38.3144), (87, 773.0399), (88, 67.6022), (89, 5.5355), (93, 8.5306), (95, 27.7027), (96, 12.6692), (97, 92.2141), (98, 40.3828), (99, 11.1938), (101, 83.8052), (102, 8.6845), (107, 7.8191), (109, 16.3633), (110, 7.7129), (111, 41.2592), (113, 6.5787), (115, 31.2642), (116, 14.7376), (121, 10.9687), (122, 1.9326), (123, 10.5268), (124, 5.158), (125, 20.6099), (129, 106.1947), (130, 30.7486), (135, 10.1801), (137, 5.2614), (138, 3.8818), (139, 11.342), (143, 341.78), (144, 36.2336), (145, 3.1573), (149, 7.6476), (152, 2.7617), (153, 7.0938), (157, 58.8974), (158, 8.773), (167, 4.5267), (171, 29.5458), (172, 7.0928), (185, 78.6759), (186, 17.3371), (187, 2.0175), (199, 194.4336), (200, 28.9235), (213, 72.0368), (214, 11.4314), (222, 4.6882), (224, 3.4788), (227, 26.2297), (228, 5.3489), (241, 58.4939), (242, 11.6657), (255, 260.9554), (256, 47.8993), (257, 5.0988), (267, 91.4224), (268, 18.7997), (269, 51.412), (270, 10.3534), (298, 236.5451), (299, 50.2858), (300, 6.0275)]",G37-AllBestHits.cef
"gamma-Linolenic acid (C18_3n-6,9,12c)",,25.591,2372.775,,000506-26-3,45,0.9822658075553019,0.03218333720237365,"[(41, 367.2556), (55, 555.9655), (65, 59.7902), (67, 957.2572), (68, 301.4575), (69, 298.3417), (77, 185.2876), (79, 999.0), (80, 462.8555), (81, 892.652), (82, 425.9781), (91, 259.9524), (93, 573.2204), (94, 304.5274), (95, 883.8313), (96, 375.7364), (107, 289.3363), (108, 485.6953), (109, 347.7755), (110, 135.7867), (121, 267.5094), (122, 179.099), (123, 155.5182), (136, 179.2119), (149, 197.257), (174, 69.6459), (292, 46.5047)]",G27-AllBestHits.cef
Ornithine,,26.082,2376.996,,000070-26-8,46,0.03218333720237365,0.1083061409302084,"[(41, 24.8124), (42, 50.2493), (43, 21.461), (44, 36.733), (45, 6.1693), (53, 4.4941), (54, 5.7258), (55, 11.0027), (56, 32.5753), (57, 6.4841), (58, 8.4859), (59, 83.6175), (60, 3.9828), (68, 30.0102), (69, 45.6255), (70, 27.7031), (71, 4.492), (72, 2.1361), (74, 5.8137), (78, 6.3895), (82, 27.5808), (83, 8.8815), (84, 25.3869), (85, 13.5093), (87, 9.3746), (88, 138.134), (89, 10.8199), (90, 2.5192), (95, 10.0405), (96, 57.6692), (97, 9.5524), (100, 12.7953), (101, 66.883), (102, 18.5289), (103, 8.6174), (110, 8.6185), (111, 28.3051), (112, 7.354), (113, 2.6026), (114, 22.8585), (115, 78.9442), (116, 24.2541), (117, 3.8102), (126, 20.9495), (127, 43.4078), (128, 999.0), (129, 75.4916), (130, 6.7778), (138, 1.8185), (139, 70.4191), (140, 6.4147), (141, 8.7728), (142, 14.1306), (143, 48.1833), (144, 3.836), (146, 17.9138), (147, 42.8373), (148, 2.5653), (155, 7.5321), (156, 2.2401), (160, 2.1213), (166, 7.9779), (170, 5.8907), (171, 48.065), (172, 4.6365), (174, 2.1099), (185, 4.8793), (186, 18.7875), (187, 5.3031), (198, 94.8269), (199, 20.1035), (200, 2.3257), (230, 115.0135), (231, 26.6989), (232, 3.3116)]",G8-AllBestHits.cef
Lysine,,28.026,2393.682,,000056-87-1,47,0.1083061409302084,0.047389978253474685,"[(41, 23.3229), (42, 36.0636), (43, 15.5869), (44, 50.101), (45, 6.8081), (53, 4.4909), (54, 9.1561), (55, 29.6362), (56, 53.456), (57, 8.7918), (59, 85.7245), (60, 3.9988), (65, 3.3129), (67, 36.5111), (68, 11.5134), (69, 14.1405), (70, 27.061), (71, 6.0233), (72, 2.771), (74, 4.6305), (76, 24.5561), (82, 101.3748), (83, 18.0372), (84, 16.5719), (88, 234.8399), (89, 12.1973), (92, 12.314), (96, 8.4269), (98, 20.9759), (99, 5.4887), (100, 18.4984), (101, 50.0169), (102, 24.3178), (103, 9.5455), (108, 18.197), (109, 10.5031), (110, 55.2607), (111, 6.2498), (112, 5.8968), (113, 6.0091), (114, 26.3405), (115, 46.594), (116, 7.1816), (117, 5.1662), (124, 17.1481), (125, 24.9514), (126, 15.4295), (128, 39.7896), (129, 8.8974), (130, 53.9062), (131, 5.0821), (136, 3.2381), (137, 4.4643), (138, 3.4087), (141, 56.3019), (142, 999.0), (143, 84.7407), (144, 7.8655), (146, 17.7992), (147, 18.6134), (152, 12.7315), (153, 183.3877), (154, 17.7157), (155, 5.9442), (156, 21.8976), (157, 56.0438), (158, 5.4474), (169, 15.1545), (170, 8.5715), (180, 4.7096), (184, 2.3461), (185, 38.0289), (186, 4.0427), (200, 4.0871), (201, 3.6514), (212, 127.2011), (213, 23.7819), (244, 77.8142), (245, 18.525), (246, 2.496)]",G36-AllBestHits.cef
"Arachidonic acid (C20_4n-6,9,12,15c)",,28.417,2397.042,,000506-32-1,48,0.047389978253474685,0.29554874612381843,"[(40, 3.9264), (41, 245.518), (42, 17.2199), (43, 115.5214), (50, 2.1267), (51, 9.5945), (52, 7.8342), (53, 61.4733), (54, 63.4143), (55, 267.5177), (56, 19.634), (57, 61.4778), (58, 4.0095), (59, 71.4703), (60, 3.8682), (61, 2.7737), (63, 3.1125), (64, 1.0371), (65, 85.9477), (66, 122.4961), (67, 603.5437), (68, 77.7996), (69, 141.5747), (70, 15.3708), (71, 48.6707), (72, 4.3618), (73, 18.4165), (74, 134.1122), (75, 11.5116), (76, 0.67), (77, 275.1808), (78, 229.1882), (79, 999.0), (80, 779.5316), (81, 398.3399), (82, 83.7205), (83, 65.5847), (84, 24.9619), (85, 66.5098), (87, 83.7966), (88, 42.0132), (89, 6.2215), (91, 807.7945), (92, 258.1184), (93, 671.159), (94, 281.9531), (95, 235.155), (96, 104.7659), (97, 60.7909), (98, 15.6472), (99, 21.6345), (101, 19.8622), (102, 9.9355), (103, 33.4346), (104, 96.838), (105, 491.2414), (106, 504.0981), (107, 287.6215), (108, 73.2167), (109, 98.2406), (110, 37.1143), (111, 16.8081), (112, 3.4583), (113, 5.6534), (115, 46.4054), (116, 22.6906), (117, 177.9416), (118, 60.8412), (119, 388.134), (120, 236.8831), (121, 222.3694), (122, 57.5124), (123, 55.5657), (124, 23.978), (125, 11.4868), (127, 13.3561), (128, 17.4998), (129, 57.6166), (130, 52.6321), (131, 174.5107), (132, 60.5965), (133, 327.082), (134, 103.2516), (135, 153.7834), (136, 59.2592), (137, 30.485), (138, 7.3646), (140, 14.433), (141, 34.1242), (142, 11.2889), (143, 25.061), (144, 26.9415), (145, 81.9394), (146, 64.7168), (147, 192.4488), (148, 77.7455), (149, 87.507), (150, 367.4752), (151, 55.2951), (152, 10.3124), (153, 4.8563), (154, 14.0534), (155, 14.451), (156, 4.6029), (157, 46.8473), (158, 10.0346), (159, 58.658), (160, 41.1406), (161, 125.3691), (162, 55.3025), (163, 48.3283), (164, 108.8795), (165, 22.2236), (166, 15.0674), (167, 12.2714), (168, 5.2387), (169, 20.4604), (170, 7.3646), (171, 21.1741), (172, 4.4649), (173, 53.5203), (174, 24.9689), (175, 153.8273), (176, 52.9091), (177, 105.9811), (178, 23.5049), (179, 12.3503), (180, 140.5484), (181, 29.9517), (182, 5.3455), (183, 50.2738), (184, 8.9977), (185, 10.0646), (187, 53.7328), (188, 20.3659), (189, 50.3779), (190, 36.3757), (191, 21.9665), (192, 8.416), (193, 16.7202), (194, 33.1989), (195, 8.722), (197, 19.3848), (198, 3.6505), (199, 4.7536), (201, 47.3365), (202, 12.5108), (203, 149.8679), (204, 31.2834), (205, 14.8792), (206, 15.7549), (207, 54.3355), (208, 17.8681), (211, 5.5434), (213, 3.1933), (215, 24.8123), (216, 6.5818), (217, 62.8872), (218, 15.0571), (219, 17.6489), (220, 56.8483), (221, 18.5131), (222, 3.5188), (227, 3.1685), (229, 7.5173), (230, 3.4975), (231, 15.8138), (232, 4.6192), (233, 25.2484), (234, 11.6031), (235, 4.5302), (238, 10.9224), (239, 2.8555), (242, 1.7265), (243, 3.8029), (244, 9.1614), (245, 7.5961), (247, 31.0992), (248, 12.034), (249, 3.4456), (250, 15.7172), (251, 3.6478), (257, 2.7876), (258, 3.094), (259, 1.5346), (261, 16.0236), (262, 4.6976), (264, 17.1808), (265, 3.2705), (269, 8.7885), (275, 6.5204), (276, 2.5096), (277, 5.3743), (286, 4.6316), (287, 2.3473), (289, 4.4328), (290, 2.9265), (318, 10.6583), (319, 2.5616)]",G34-AllBestHits.cef
Gondoic acid (C20_1n-9c),,28.576,2398.406,,000000-00-9,49,0.9625027209271879,0.9599465463219264,"[(41, 444.718), (43, 532.5728), (54, 217.3365), (55, 974.2582), (56, 204.1037), (57, 430.8476), (59, 192.7608), (67, 508.4761), (68, 386.522), (69, 793.6496), (70, 221.4439), (71, 227.9898), (72, 28.6224), (73, 109.3139), (74, 906.1624), (75, 154.9985), (81, 561.7862), (82, 455.7727), (83, 900.7496), (84, 919.3104), (87, 680.9812), (88, 43.2085), (95, 617.8572), (96, 960.9934), (97, 999.0), (98, 902.6293), (99, 124.2206), (109, 359.4668), (110, 539.1116), (111, 535.0665), (112, 206.1757), (114, 121.8128), (115, 188.4062), (121, 124.7879), (123, 434.9016), (124, 284.7945), (125, 284.9886), (127, 105.5944), (128, 126.2302), (134, 102.5184), (137, 295.1813), (138, 235.584), (139, 179.2737), (140, 35.285), (141, 227.9568), (143, 102.3963), (150, 28.7127), (151, 184.3019), (152, 222.5192), (153, 104.2907), (154, 23.4635), (155, 36.5715), (165, 108.577), (166, 116.8409), (167, 62.6601), (179, 73.1284), (193, 54.3494), (195, 44.0291), (197, 62.3773), (208, 364.3502), (209, 75.2931), (227, 35.0082), (228, 18.5806), (235, 82.9403), (248, 123.7961), (249, 157.3837), (250, 422.8315), (251, 99.9307), (274, 58.0487), (275, 37.1254), (293, 517.935), (294, 92.2178)]",G35-AllBestHits.cef
"EPA (C20_5n-3,6,9,12,15c)",,28.624,2398.819,,010417-94-4,49,0.20097840420793522,0.9988641082704545,"[(41, 240.4444), (42, 14.9642), (43, 73.4297), (51, 11.7502), (52, 9.3013), (53, 69.1316), (54, 29.0718), (55, 221.5307), (59, 66.1378), (65, 85.1883), (66, 105.7476), (67, 453.0221), (68, 52.8461), (69, 117.7034), (70, 30.8384), (71, 23.5671), (73, 16.589), (74, 118.7402), (77, 285.7522), (78, 190.105), (79, 999.0), (80, 354.129), (81, 229.388), (82, 64.0272), (85, 49.2793), (87, 79.4184), (88, 28.3338), (89, 5.3485), (91, 811.4725), (92, 228.004), (93, 560.0789), (94, 203.2278), (95, 187.3258), (99, 20.2982), (101, 16.5143), (103, 37.8323), (104, 93.798), (105, 491.6763), (106, 398.6539), (107, 233.4028), (108, 339.6583), (109, 97.6483), (115, 57.3643), (116, 24.8749), (117, 256.9092), (118, 80.6808), (119, 460.9743), (120, 184.2329), (121, 116.6182), (122, 72.6503), (127, 15.9801), (128, 26.614), (129, 71.3455), (130, 50.5169), (131, 257.6583), (132, 76.2548), (133, 280.8465), (134, 107.2529), (135, 104.5915), (136, 29.3843), (141, 33.2747), (142, 15.4215), (143, 42.5964), (144, 25.3238), (145, 150.1088), (146, 65.1935), (147, 165.3184), (148, 118.322), (149, 48.6333), (150, 12.7909), (155, 18.2917), (157, 38.3381), (158, 14.4478), (159, 99.9261), (160, 49.2211), (161, 112.7127), (162, 56.2988), (163, 13.4257), (167, 12.0298), (169, 18.3139), (170, 6.3365), (171, 40.3204), (172, 10.5519), (173, 91.1948), (174, 35.8509), (175, 105.9768), (176, 21.1296), (177, 7.9099), (180, 110.4237), (181, 26.5345), (183, 18.6523), (184, 5.741), (185, 22.4131), (187, 54.901), (188, 22.6364), (189, 18.702), (193, 12.7387), (194, 28.3378), (195, 9.7319), (197, 25.067), (198, 4.0761), (199, 19.7563), (200, 7.1221), (201, 85.1483), (202, 19.52), (205, 7.9941), (213, 13.7747), (214, 3.9719), (215, 54.6698), (216, 10.8085), (219, 8.6703), (220, 34.9095), (229, 7.512), (233, 10.1404), (234, 15.4711), (245, 4.3324), (247, 26.9398), (248, 16.2362), (259, 5.4716), (260, 4.2322), (261, 3.0131), (262, 10.0555), (273, 9.3459), (287, 13.796), (288, 4.1757)]",G26-AllBestHits.cef
Histidine,,28.818,2403.965,,000071-00-1,50,0.16086837202077986,0.017962135320860217,"[(42, 126.7103), (52, 21.0705), (53, 35.6063), (54, 105.0867), (59, 282.5847), (68, 145.9354), (74, 39.8762), (80, 46.1731), (81, 256.4939), (82, 54.1461), (95, 198.263), (107, 41.52), (109, 34.9689), (123, 30.2987), (132, 42.8259), (135, 83.1785), (139, 999.0), (140, 461.4444), (141, 35.5237), (150, 95.4032), (151, 51.6412), (152, 80.9043), (167, 23.4001), (179, 149.1938), (194, 695.6076), (195, 73.3357), (210, 711.4832), (211, 359.1002), (212, 41.7224), (222, 31.081), (226, 335.982), (227, 36.5683), (254, 50.5106), (285, 52.6791)]",G25-AllBestHits.cef
Tyrosine,,30.175,2500.777,,000060-18-4,51,0.017962135320860217,0.13105961027369772,"[(42, 53.6405), (51, 12.3209), (52, 11.486), (59, 121.4872), (63, 8.3049), (64, 4.4192), (65, 16.6266), (70, 9.3114), (77, 78.0827), (78, 58.6073), (89, 21.5095), (90, 31.2572), (91, 70.8139), (92, 9.6742), (103, 44.8071), (104, 14.3398), (105, 18.5908), (106, 22.1167), (107, 49.2176), (117, 28.1913), (118, 15.8941), (119, 12.6645), (120, 0.4049), (121, 999.0), (122, 95.4132), (123, 6.8262), (131, 6.7737), (132, 27.219), (133, 31.6183), (134, 48.2399), (135, 8.7365), (146, 103.9736), (147, 18.1116), (149, 16.8489), (158, 35.7584), (161, 221.8664), (162, 26.6877), (165, 664.7961), (166, 72.2936), (167, 7.4772), (176, 14.9018), (177, 19.9943), (178, 8.4959), (191, 12.7623), (192, 83.1194), (193, 31.371), (204, 14.6055), (220, 97.7673), (221, 16.4244), (236, 864.4393), (237, 114.478), (238, 16.1719), (251, 7.1138), (252, 81.0914), (253, 10.8695), (280, 17.222), (355, 6.3506), (429, 2.8206), (503, 1.2922)]",G25-AllBestHits.cef
"5,13-docosadienoic acid (NIST)",,31.436,2575.297,,000000-01-3,51,0.13105961027369772,0.9959229289666459,"[(41, 360.255), (42, 32.5191), (43, 213.4281), (53, 72.9525), (54, 201.1551), (55, 622.9539), (56, 56.5853), (57, 139.4398), (59, 119.3372), (65, 67.5862), (66, 115.7424), (67, 999.0), (68, 283.0838), (69, 400.3541), (70, 44.8823), (71, 86.2411), (74, 133.3977), (75, 17.8943), (77, 187.2775), (78, 157.0401), (79, 879.6731), (80, 770.3204), (81, 993.6046), (82, 700.204), (83, 386.394), (84, 81.4011), (85, 101.9235), (87, 192.4509), (91, 524.6684), (92, 184.2241), (93, 604.7171), (94, 486.204), (95, 893.7413), (96, 690.2612), (97, 327.0325), (98, 83.3758), (99, 40.392), (104, 38.8805), (105, 328.1513), (106, 165.2573), (107, 328.4004), (108, 230.5053), (109, 442.6913), (110, 206.9125), (111, 150.2395), (113, 20.2712), (115, 79.6772), (116, 19.0545), (117, 101.6939), (118, 32.8095), (119, 334.1303), (120, 126.2558), (121, 342.1542), (122, 148.2367), (123, 247.1021), (124, 146.2604), (125, 98.1444), (127, 27.6534), (128, 31.4014), (129, 142.7891), (130, 24.454), (131, 103.4351), (132, 39.104), (133, 206.6633), (134, 128.9209), (135, 272.6202), (136, 168.079), (137, 181.1524), (138, 117.8613), (139, 38.3909), (141, 42.4511), (143, 77.2312), (144, 16.3716), (145, 73.8918), (146, 21.2167), (147, 135.858), (148, 63.0717), (149, 163.4131), (150, 431.225), (151, 121.7757), (152, 62.1513), (153, 26.8541), (154, 13.9689), (155, 12.6065), (157, 37.4824), (159, 62.9089), (160, 26.1204), (161, 122.0434), (162, 33.6179), (163, 108.132), (164, 173.7092), (165, 52.4849), (166, 61.4492), (167, 20.0313), (168, 22.6261), (169, 16.3234), (171, 23.2038), (173, 105.668), (174, 31.2946), (175, 79.5901), (176, 53.3031), (177, 119.9298), (178, 138.5196), (179, 51.5574), (180, 47.6021), (182, 18.5381), (185, 34.397), (187, 49.5733), (188, 15.9621), (189, 54.4413), (190, 34.6972), (191, 75.986), (192, 82.5258), (193, 50.705), (194, 91.259), (195, 26.1649), (196, 17.259), (197, 9.3177), (201, 23.8599), (203, 95.6757), (204, 24.3672), (205, 38.6601), (207, 55.46), (208, 155.0506), (209, 50.5116), (210, 40.4308), (215, 15.8271), (216, 5.0965), (217, 47.8863), (218, 15.8083), (219, 19.9244), (220, 15.1014), (221, 27.5776), (222, 36.9097), (223, 45.5703), (224, 45.7688), (225, 14.5631), (229, 12.1594), (231, 18.335), (233, 13.046), (234, 17.3254), (235, 60.707), (236, 24.0095), (237, 19.8705), (238, 18.5403), (247, 11.6221), (248, 32.6465), (249, 12.4538), (261, 18.914), (262, 7.7798), (275, 24.3841), (276, 16.7042), (289, 12.8617), (290, 7.0481), (301, 29.6648), (302, 6.8413), (303, 5.5822), (305, 4.3837), (315, 8.7375), (318, 22.2729), (319, 29.7323), (346, 18.7188), (347, 4.2651), (350, 82.7896), (351, 22.2696)]",G3-AllBestHits.cef
"DHA (C22_6n-3,6,9,12,15,18c)",,31.569,2583.174,,010417-94-4,53,0.571932906787927,0.8396437152103352,"[(53, 85.6895), (59, 107.5538), (65, 92.1322), (66, 106.9609), (67, 999.0), (77, 234.3555), (78, 156.4302), (79, 963.1452), (80, 394.8024), (85, 96.6859), (91, 607.585), (92, 203.292), (93, 609.1913), (104, 58.4002), (105, 262.4008), (106, 168.4724), (107, 364.5304), (108, 341.8315), (115, 92.9386), (117, 215.0615), (118, 66.9919), (119, 326.1435), (120, 113.2606), (121, 658.3292), (129, 162.8437), (130, 49.6481), (131, 193.0658), (132, 90.4959), (133, 213.1669), (134, 106.1414), (135, 451.03), (143, 87.3439), (144, 37.8499), (147, 138.2824), (148, 75.1406), (157, 58.1047), (159, 104.2504), (161, 103.0938), (171, 51.3619), (173, 105.246), (174, 35.7449), (175, 70.3211), (185, 39.1591), (192, 98.4506), (235, 49.7151), (249, 81.9221), (263, 96.004), (348, 17.6405)]",G31-AllBestHits.cef
"DPA (C22_5n-3,6,9,12,15c)",,31.76,2594.469,,024880-45-3,54,0.8396437152103352,0.028809643499352333,"[(41, 233.2682), (42, 21.4441), (43, 51.5198), (45, 9.2626), (51, 9.7642), (53, 60.5571), (54, 35.5144), (55, 256.7874), (56, 20.5388), (57, 21.4893), (59, 76.1643), (61, 3.9251), (63, 3.6757), (64, 0.2443), (65, 74.8728), (66, 99.8909), (67, 522.2316), (68, 61.7316), (69, 130.9254), (70, 23.5174), (71, 23.8762), (74, 50.7757), (75, 6.0497), (77, 243.2884), (78, 170.6315), (79, 999.0), (80, 449.8854), (81, 307.9273), (82, 63.4142), (83, 65.1401), (84, 24.8472), (85, 38.2438), (87, 123.6416), (91, 725.2797), (92, 213.8403), (93, 576.1442), (94, 293.4853), (95, 276.338), (96, 40.9464), (97, 89.8733), (98, 25.5689), (99, 16.7402), (101, 26.0704), (103, 30.1674), (104, 57.3813), (105, 433.0795), (106, 172.6503), (107, 267.4427), (108, 388.7159), (109, 121.8588), (110, 16.6194), (111, 22.2373), (113, 7.5686), (115, 51.3258), (116, 23.0108), (117, 229.4056), (118, 67.4555), (119, 481.8989), (120, 152.4485), (121, 185.4277), (122, 107.1603), (123, 39.3876), (125, 11.4747), (126, 6.737), (127, 23.642), (128, 20.8967), (129, 58.6536), (130, 26.163), (131, 225.3575), (132, 68.6307), (133, 286.4107), (134, 156.4001), (135, 134.9137), (136, 54.4757), (137, 21.2619), (141, 361.6457), (142, 35.592), (143, 60.2802), (144, 18.9131), (145, 169.6257), (146, 47.9425), (147, 164.6581), (148, 122.1065), (149, 63.1613), (150, 23.858), (151, 8.9064), (153, 11.7767), (157, 32.7461), (158, 15.7852), (159, 116.6016), (160, 35.8999), (161, 119.4074), (162, 68.1191), (163, 38.3044), (165, 9.1728), (169, 14.4747), (170, 3.8192), (171, 32.9402), (172, 8.5665), (173, 75.1963), (174, 35.8699), (175, 108.3479), (176, 50.0956), (177, 15.2378), (183, 17.323), (185, 29.0302), (186, 7.7451), (187, 52.2267), (188, 26.416), (189, 28.6079), (190, 9.2806), (199, 16.0187), (201, 84.3243), (202, 20.4034), (203, 13.4913), (208, 97.6), (209, 19.0273), (211, 7.2876), (212, 6.1452), (213, 8.5901), (215, 49.1776), (216, 13.0571), (221, 10.069), (222, 17.0035), (225, 10.547), (226, 3.7109), (227, 5.742), (228, 10.1964), (229, 18.1315), (230, 7.7525), (234, 6.1851), (235, 13.4051), (241, 5.2719), (243, 11.0293), (247, 8.7475), (248, 29.2244), (249, 9.7935), (255, 17.3656), (256, 8.4564), (259, 3.246), (261, 12.0208), (262, 14.9355), (264, 9.4311), (274, 3.4575), (275, 37.1467), (276, 15.498), (283, 8.316), (287, 41.4651), (288, 8.8221), (289, 6.1034), (290, 10.7422), (301, 12.1539), (302, 3.4374), (303, 4.3367), (313, 7.3075), (315, 17.7429)]",G39-AllBestHits.cef
Tryptophan,,36.419,2792.523,,000073-22-3,55,0.028809643499352333,0.0,"[(77, 29.6067), (103, 37.2484), (130, 999.0), (131, 101.5709), (201, 17.968), (217, 15.9907), (244, 40.5562), (276, 69.2126)]",G25-AllBestHits.cef
Cystathionine,,38.489,2854.734,,000056-88-2,56,0.0,0.12332953418345272,"[(42, 131.8016), (45, 135.3561), (56, 122.0015), (59, 335.3177), (61, 143.1597), (76, 64.5461), (82, 120.8164), (99, 44.3724), (100, 116.5642), (101, 87.3235), (114, 753.1748), (115, 412.8142), (116, 70.8324), (128, 175.9571), (141, 325.8049), (142, 246.483), (143, 149.7625), (146, 331.339), (147, 365.4535), (160, 999.0), (172, 142.1767), (173, 125.0876), (174, 254.7862), (175, 64.9251), (184, 325.7726), (188, 99.2356), (216, 250.4063), (231, 63.7302), (232, 111.0907), (259, 97.2993)]",G5-AllBestHits.cef
Unknown 059(100) 81(40.5) 91(34.4),,40.507,2930.276,,000011-03-2,56,0.12332953418345272,0.944175658318622,"[(44, 209.6646), (45, 277.6975), (59, 851.1705), (61, 51.9921), (69, 168.855), (71, 190.1806), (73, 189.3666), (75, 120.3513), (81, 589.9783), (91, 373.4974), (95, 166.0532), (99, 206.8003), (101, 347.085), (105, 154.7204), (109, 562.697), (111, 270.531), (113, 82.632), (128, 155.2977), (139, 127.5612), (141, 89.9377), (145, 250.2661), (155, 233.0038), (156, 173.2177), (171, 69.4214), (176, 353.8666), (177, 372.8272), (184, 69.4213), (185, 350.6515), (189, 761.1264), (190, 96.5357), (198, 48.885), (199, 178.1269), (204, 113.3653), (214, 690.0102), (215, 80.5343), (216, 41.9433), (229, 452.3113), (230, 43.0457), (242, 235.3184), (243, 999.0), (244, 119.2929), (261, 56.8934), (276, 83.336), (290, 49.7191), (291, 70.7541), (319, 72.0138)]",GQC2-AllBestHits.cef
Unknown 059(100) 81(40.5) 91(34.4) peak 2,,41.101,2968.405,,000011-03-2,56,0.944175658318622,0.0,"[(41, 131.7428), (42, 42.5799), (43, 117.256), (44, 304.7134), (45, 329.1992), (53, 80.7658), (55, 132.7756), (59, 999.0), (60, 30.1705), (61, 55.1271), (69, 211.3644), (70, 75.4079), (71, 233.8784), (73, 225.5486), (74, 55.2315), (75, 141.5743), (81, 607.7958), (85, 201.9939), (89, 20.029), (91, 405.9277), (95, 195.274), (97, 180.3995), (98, 107.9807), (99, 258.7478), (101, 324.8578), (105, 174.127), (109, 475.4945), (111, 285.3667), (112, 64.5904), (113, 87.7481), (125, 49.0253), (127, 136.7402), (128, 143.2668), (129, 66.5646), (131, 47.2555), (132, 47.0845), (133, 109.5009), (139, 137.3631), (141, 127.5829), (142, 48.1025), (143, 72.5549), (145, 253.5697), (155, 271.9734), (156, 139.2528), (157, 100.2294), (171, 115.6934), (176, 295.1717), (177, 318.9239), (184, 91.1765), (185, 536.6671), (186, 49.2862), (189, 710.9691), (190, 88.9797), (191, 67.5292), (198, 82.5914), (199, 176.7224), (204, 82.5108), (214, 576.5388), (215, 74.7334), (216, 27.7263), (229, 664.9443), (230, 66.913), (242, 403.0542), (243, 607.4693), (244, 70.9152), (261, 53.9755), (276, 40.0055), (277, 17.497), (290, 29.5575), (291, 48.4311), (305, 38.2665), (319, 18.504), (395, 48.8185)]",GQC2-AllBestHits.cef
